Geopolitical entity (reporting),2022-S1,2022-S2,2023-S1,2023-S2,Pct_change
Belgium,0.1943,0.2367,0.2269,0.2164,-8.576256865230244
Finland,0.0808,0.115,0.0957,0.0885,-23.043478260869573
