Geopolitical entity (reporting),2022-S1,2022-S2,2023-S1,2023-S2,Pct_change
Belgium,0.3437,0.4489,0.435,0.3778,-15.838716863443972
Finland,0.1934,0.2474,0.2557,0.2403,-2.869846402586902
