Region/country/area,2021,Percentage Change
France,2.03,0.41960354699353025
Faroe Islands,0.02,100.0
Republic of Korea,-2.0,-0.43956043956043955
UK,-6.0,-120.0
Spain,-8.0,-42.10526315789473
