Region/country/area,2022
Korea Rep,0.0800000000000125
Canada,0.6999999999999993
